大崎,,0428,0446,0506,0519,0533,0543,0552,0601,0611,0617,0624,0631,0638,0643,0648,0653,0658,0703,0708,0712,0717,0723,0729,0733,0738,0743,0749,0754,0759,0804,0809,0814,0819,0824,0829,0834,0839,0844,0849,0854,0859,0904,0909,0914,0919,0924,0929,0934,0939,0944,0949,0954,0959,1004,1009,1014,1019,1024,1029,1034,1039,1044,1049,1054,1059,1104,1109,1114,1119,1124,1129,1134,1139,1144,1146,1150,1155,1159,1204,1209,1214,1217,1220,1225,1229,1232,1235,1240,1244,1248,1252,1256,1300,1303,1307,1311,1315,1319,1322,1326,1330,1334,1338,1342,1345,1349,1353,1357,1401,1405,1409,1413,1416,1420,1424,1428,1432,1435,1439,1443,1447,1451,1454,1458,1502,1506,1510,1514,1517,1521,1525,1529,1533,1536,1540,1544,1548,1552,1556,1559,1603,1607,1611,1613,1616,1620,1623,1627,1630,1634,1638,1641,1645,1649,1653,1657,1700,1704,1708,1712,1716,1719,1723,1726,1729,1733,1736,1740,1743,1747,1751,1754,1758,1802,1805,1809,1813,1817,1821,1825,1829,1833,1837,1841,1845,1849,1853,1857,1901,1905,1910,1914,1918,1923,1928,1932,1937,1941,1946,1950,1955,1959,2003,2007,2011,2015,2020,2024,2029,2033,2038,2042,2047,2052,2057,2102,2107,2112,2117,2122,2127,2131,2136,2140,2145,2149,2154,2159,2205,2210,2215,2220,2224,2228,2233,2238,2243,2248,2255,2300,2305,2311,2317,2323,2328,2335,2340,2345,2350,2355,0003,0012,0018,0024,
五反田,,0430,0448,0508,0520,0535,0545,0554,0603,0612,0619,0626,0634,0640,0645,0650,0655,0700,0705,0709,0715,0719,0725,0731,0735,0740,0745,0751,0756,0801,0806,0811,0816,0821,0826,0831,0836,0841,0846,0851,0856,0901,0906,0911,0916,0921,0926,0931,0936,0941,0946,0951,0956,1001,1006,1011,1016,1021,1026,1031,1036,1041,1046,1051,1056,1101,1106,1111,1116,1121,1126,1131,1136,1141,1145,1149,1152,1157,1201,1206,1211,1215,1219,1222,1227,1231,1234,1237,1241,1246,1250,1254,1258,1302,1305,1309,1313,1317,1320,1324,1328,1332,1336,1340,1343,1347,1351,1355,1359,1403,1407,1411,1414,1418,1422,1426,1430,1433,1437,1441,1445,1449,1453,1456,1500,1504,1508,1512,1515,1519,1523,1527,1531,1534,1538,1542,1546,1550,1554,1557,1601,1605,1609,1613,1615,1618,1622,1625,1628,1632,1636,1639,1643,1647,1651,1655,1658,1702,1706,1710,1714,1717,1721,1724,1728,1731,1735,1738,1742,1745,1749,1753,1756,1800,1804,1807,1811,1815,1819,1823,1827,1831,1835,1839,1843,1847,1851,1855,1859,1903,1907,1912,1916,1920,1925,1930,1934,1939,1943,1948,1952,1957,2001,2005,2009,2013,2017,2022,2026,2031,2035,2040,2044,2049,2054,2059,2104,2109,2114,2119,2124,2129,2133,2138,2142,2147,2151,2156,2201,2207,2212,2217,2222,2226,2230,2235,2240,2245,2250,2257,2302,2307,2313,2319,2325,2330,2337,2342,2347,2352,2357,0005,0014,0020,0026,
目黒,,0432,0450,0510,0523,0537,0547,0556,0605,0615,0621,0628,0636,0642,0647,0652,0657,0702,0707,0712,0717,0721,0727,0733,0737,0742,0747,0753,0758,0803,0808,0813,0818,0823,0828,0833,0838,0843,0848,0853,0858,0903,0908,0913,0918,0923,0928,0933,0938,0943,0948,0953,0958,1003,1008,1013,1018,1023,1028,1033,1038,1043,1048,1053,1058,1103,1108,1113,1118,1123,1128,1133,1138,1143,1148,1151,1154,1159,1203,1208,1213,1218,1221,1224,1229,1233,1236,1239,1244,1248,1252,1256,1300,1304,1307,1311,1315,1319,1323,1326,1330,1334,1338,1342,1346,1349,1353,1357,1401,1405,1409,1413,1417,1420,1424,1428,1432,1436,1439,1443,1447,1451,1455,1458,1502,1506,1510,1514,1518,1521,1525,1529,1533,1537,1540,1544,1548,1552,1556,1600,1603,1607,1611,1615,1617,1620,1624,1627,1631,1634,1638,1642,1645,1649,1653,1657,1701,1704,1708,1712,1716,1720,1723,1727,1730,1733,1737,1740,1744,1747,1751,1755,1758,1802,1806,1809,1813,1817,1821,1825,1829,1833,1837,1841,1845,1849,1853,1857,1901,1905,1909,1914,1918,1922,1927,1932,1936,1941,1945,1950,1954,1959,2003,2007,2011,2015,2019,2024,2028,2033,2037,2042,2046,2051,2056,2101,2106,2111,2116,2121,2126,2131,2135,2140,2144,2149,2153,2158,2203,2209,2214,2219,2224,2228,2232,2237,2242,2247,2252,2259,2304,2309,2315,2321,2327,2332,2339,2344,2349,2354,2359,0007,0016,0022,0028,
恵比寿,,0434,0453,0512,0525,0540,0550,0558,0608,0617,0624,0630,0638,0645,0650,0655,0700,0705,0710,0714,0719,0724,0730,0735,0740,0744,0750,0755,0800,0805,0810,0815,0820,0825,0830,0835,0840,0845,0850,0855,0900,0905,0910,0915,0920,0925,0930,0935,0940,0945,0950,0955,1000,1005,1010,1015,1020,1025,1030,1035,1040,1045,1050,1055,1100,1105,1110,1115,1120,1125,1130,1135,1140,1145,1150,1153,1157,1201,1206,1210,1215,1220,1224,1227,1231,1236,1238,1242,1246,1250,1255,1259,1303,1307,1310,1313,1318,1321,1325,1329,1333,1337,1340,1344,1348,1352,1356,1400,1404,1408,1411,1415,1419,1423,1427,1430,1434,1438,1442,1446,1450,1453,1457,1501,1505,1509,1512,1516,1520,1524,1528,1531,1535,1539,1543,1547,1551,1554,1558,1602,1606,1610,1613,1617,1620,1623,1626,1630,1633,1636,1640,1644,1648,1652,1655,1659,1703,1707,1711,1714,1718,1722,1726,1729,1732,1735,1739,1743,1746,1750,1753,1757,1801,1804,1808,1812,1816,1820,1824,1827,1831,1835,1839,1843,1847,1851,1855,1859,1903,1908,1912,1916,1920,1925,1930,1934,1939,1943,1948,1953,1957,2001,2006,2010,2014,2018,2022,2026,2031,2035,2040,2045,2049,2054,2059,2103,2108,2113,2118,2123,2128,2133,2138,2142,2147,2151,2155,2201,2205,2211,2217,2222,2227,2231,2235,2240,2245,2249,2255,2302,2307,2312,2318,2324,2329,2335,2341,2346,2352,2356,0002,0010,0018,0024,0030,
渋谷,,0437,0455,0515,0528,0542,0552,0601,0611,0620,0626,0633,0641,0647,0653,0658,0703,0707,0712,0717,0722,0727,0732,0738,0742,0747,0752,0758,0803,0808,0813,0818,0823,0828,0833,0838,0843,0848,0853,0858,0903,0908,0913,0918,0923,0928,0933,0938,0943,0948,0953,0958,1003,1008,1013,1018,1023,1028,1033,1038,1043,1048,1053,1058,1103,1108,1113,1118,1123,1128,1133,1138,1143,1148,1153,1156,1200,1204,1209,1213,1218,1223,1226,1230,1234,1238,1242,1245,1249,1254,1258,1301,1305,1309,1313,1316,1321,1324,1328,1332,1336,1340,1344,1347,1351,1355,1359,1403,1406,1410,1414,1418,1422,1426,1429,1433,1437,1441,1445,1448,1452,1456,1500,1504,1507,1511,1515,1519,1523,1527,1530,1534,1538,1542,1546,1549,1553,1557,1601,1605,1608,1612,1616,1620,1623,1626,1629,1633,1636,1640,1643,1647,1651,1655,1658,1702,1706,1710,1713,1717,1721,1725,1728,1732,1735,1739,1742,1746,1749,1753,1757,1800,1804,1807,1811,1815,1819,1823,1827,1830,1834,1838,1842,1846,1850,1854,1858,1902,1906,1911,1915,1919,1923,1928,1932,1937,1941,1946,1950,1955,2000,2004,2009,2013,2017,2021,2025,2029,2034,2038,2043,2047,2052,2057,2101,2106,2111,2116,2121,2126,2131,2136,2141,2145,2150,2154,2158,2203,2208,2214,2220,2225,2230,2234,2238,2243,2248,2252,2258,2305,2310,2315,2321,2327,2332,2338,2344,2349,2355,0000,0004,0013,0021,0027,0033,
原宿,,0439,0458,0517,0530,0545,0555,0603,0613,0622,0629,0635,0643,0650,0655,0700,0705,0710,0715,0719,0724,0729,0735,0740,0745,0750,0755,0800,0805,0810,0815,0820,0825,0830,0835,0840,0845,0850,0855,0900,0905,0910,0915,0920,0925,0930,0935,0940,0945,0950,0955,1000,1005,1010,1015,1020,1025,1030,1035,1040,1045,1050,1055,1100,1105,1110,1115,1120,1125,1130,1135,1140,1145,1150,1155,1159,1202,1207,1211,1216,1221,1225,1229,1232,1236,1241,1244,1248,1252,1256,1300,1304,1308,1312,1315,1319,1323,1327,1331,1334,1338,1342,1346,1350,1354,1357,1401,1405,1409,1413,1416,1420,1424,1428,1432,1435,1439,1443,1447,1451,1455,1458,1502,1506,1510,1514,1517,1521,1525,1529,1533,1536,1540,1544,1548,1552,1556,1559,1603,1607,1611,1615,1618,1622,1625,1628,1632,1635,1639,1642,1646,1650,1653,1657,1700,1704,1708,1712,1716,1719,1723,1727,1731,1734,1737,1741,1745,1748,1751,1755,1759,1803,1806,1810,1813,1817,1821,1825,1829,1833,1837,1841,1845,1849,1853,1857,1901,1905,1909,1913,1917,1922,1926,1930,1935,1939,1944,1948,1953,1958,2002,2007,2011,2015,2019,2023,2027,2032,2036,2041,2045,2050,2054,2059,2104,2109,2114,2119,2124,2129,2134,2139,2143,2148,2152,2157,2201,2206,2211,2217,2222,2227,2232,2236,2240,2245,2250,2255,2300,2307,2312,2317,2323,2329,2335,2340,2347,2352,2358,0002,0007,0015,0024,0030,0036,
代々木,,0442,0500,0520,0532,0547,0557,0606,0615,0624,0631,0638,0646,0652,0657,0702,0707,0712,0717,0721,0727,0732,0737,0743,0747,0752,0757,0803,0808,0813,0818,0823,0828,0833,0838,0843,0848,0853,0858,0903,0908,0913,0918,0923,0928,0933,0938,0943,0948,0953,0958,1003,1008,1013,1018,1023,1028,1033,1038,1043,1048,1053,1058,1103,1108,1113,1118,1123,1128,1133,1138,1143,1148,1153,1157,1201,1204,1209,1214,1218,1223,1227,1231,1235,1239,1243,1246,1250,1254,1258,1302,1306,1310,1314,1317,1321,1325,1329,1333,1337,1341,1344,1348,1352,1356,1400,1403,1407,1411,1415,1419,1423,1426,1430,1434,1438,1442,1445,1449,1453,1457,1501,1505,1508,1512,1516,1520,1524,1527,1531,1535,1539,1543,1546,1550,1554,1558,1602,1606,1609,1613,1617,1621,1625,1628,1631,1634,1638,1641,1644,1648,1652,1656,1659,1703,1707,1710,1714,1718,1722,1726,1729,1733,1736,1740,1743,1747,1750,1754,1758,1801,1805,1808,1812,1816,1820,1824,1828,1832,1835,1839,1843,1847,1851,1855,1859,1903,1907,1911,1916,1920,1924,1928,1933,1937,1942,1946,1951,1955,2000,2004,2009,2013,2018,2022,2026,2030,2034,2039,2043,2048,2052,2057,2102,2106,2111,2116,2121,2126,2131,2136,2141,2146,2150,2155,2159,2203,2208,2213,2219,2225,2230,2235,2239,2243,2248,2253,2257,2303,2310,2315,2320,2326,2332,2337,2343,2349,2354,0000,0005,0009,0018,0026,0032,0038,
新宿,,0444,0502,0522,0535,0549,0559,0608,0618,0627,0634,0640,0648,0654,0659,0704,0710,0715,0719,0724,0729,0734,0740,0745,0750,0755,0800,0805,0810,0815,0820,0825,0830,0835,0840,0845,0850,0855,0900,0905,0910,0915,0920,0925,0930,0935,0940,0945,0950,0955,1000,1005,1010,1015,1020,1025,1030,1035,1040,1045,1050,1055,1100,1105,1110,1115,1120,1125,1130,1135,1140,1145,1150,1155,1200,1203,1207,1211,1216,1221,1225,1230,1234,1237,1241,1245,1249,1253,1257,1300,1304,1308,1312,1316,1320,1324,1328,1331,1335,1339,1343,1347,1350,1354,1358,1402,1406,1409,1413,1417,1421,1425,1429,1432,1436,1440,1444,1448,1451,1455,1459,1503,1507,1510,1514,1518,1522,1526,1530,1533,1537,1541,1545,1549,1552,1556,1600,1604,1608,1612,1615,1619,1623,1627,1630,1633,1637,1640,1644,1647,1651,1655,1658,1702,1705,1709,1713,1716,1720,1724,1728,1732,1735,1739,1742,1746,1750,1753,1756,1800,1804,1808,1811,1815,1818,1822,1826,1830,1834,1838,1842,1846,1850,1854,1857,1901,1906,1910,1914,1918,1922,1926,1931,1935,1939,1944,1948,1953,1957,2002,2007,2011,2016,2021,2025,2028,2032,2037,2041,2046,2050,2055,2059,2104,2109,2114,2119,2124,2129,2134,2139,2144,2148,2153,2157,2202,2206,2211,2216,2222,2227,2232,2237,2241,2245,2250,2255,2300,2305,2312,2317,2322,2328,2334,2340,2345,2352,2357,0003,0007,0012,0020,0029,0036,0044,
新大久保,,0446,0504,0524,0537,0551,0601,0611,0620,0629,0636,0642,0650,0656,0702,0707,0712,0717,0721,0726,0731,0736,0742,0747,0752,0757,0802,0807,0812,0817,0822,0827,0832,0837,0842,0847,0852,0857,0902,0907,0912,0917,0922,0927,0932,0937,0942,0947,0952,0957,1002,1007,1012,1017,1022,1027,1032,1037,1042,1047,1052,1057,1102,1107,1112,1117,1122,1127,1132,1137,1142,1147,1152,1157,1202,1205,1209,1213,1218,1223,1227,1232,1236,1239,1243,1247,1251,1255,1259,1303,1307,1310,1314,1318,1322,1326,1330,1333,1337,1341,1345,1349,1353,1356,1400,1404,1408,1412,1415,1419,1423,1427,1431,1435,1438,1442,1446,1450,1454,1457,1501,1505,1509,1513,1516,1520,1524,1528,1532,1536,1539,1543,1547,1551,1555,1558,1602,1606,1610,1614,1617,1621,1625,1629,1633,1635,1639,1642,1646,1649,1653,1657,1700,1704,1707,1711,1715,1719,1722,1726,1730,1734,1737,1741,1745,1748,1752,1755,1758,1802,1806,1810,1813,1817,1820,1824,1828,1832,1836,1840,1844,1848,1852,1856,1859,1903,1908,1912,1916,1920,1924,1928,1933,1937,1941,1946,1950,1955,1959,2004,2009,2013,2018,2023,2027,2030,2034,2039,2043,2048,2053,2057,2101,2106,2111,2116,2121,2126,2131,2136,2141,2146,2150,2155,2159,2204,2208,2213,2218,2224,2229,2234,2239,2243,2247,2252,2257,2302,2307,2314,2320,2324,2330,2336,2342,2347,2354,2359,0005,0010,0014,0023,0032,0039,0047,
高田馬場,,0448,0507,0526,0539,0554,0604,0613,0622,0631,0638,0644,0652,0659,0704,0709,0714,0719,0724,0728,0733,0739,0744,0749,0754,0759,0804,0809,0814,0819,0824,0829,0834,0839,0844,0849,0854,0859,0904,0909,0914,0919,0924,0929,0934,0939,0944,0949,0954,0959,1004,1009,1014,1019,1024,1029,1034,1039,1044,1049,1054,1059,1104,1109,1114,1119,1124,1129,1134,1139,1144,1149,1154,1159,1204,1208,1212,1216,1221,1225,1230,1234,1238,1242,1245,1250,1253,1257,1301,1305,1309,1313,1317,1321,1324,1328,1332,1336,1340,1343,1347,1351,1355,1359,1403,1406,1410,1414,1418,1422,1425,1429,1433,1437,1441,1444,1448,1452,1456,1500,1504,1507,1511,1515,1519,1523,1526,1530,1534,1538,1542,1545,1549,1553,1557,1601,1605,1608,1612,1616,1620,1624,1627,1631,1635,1638,1641,1644,1648,1651,1655,1659,1702,1706,1709,1713,1717,1721,1725,1728,1732,1736,1740,1744,1747,1750,1754,1758,1800,1804,1808,1812,1816,1819,1823,1827,1831,1835,1839,1842,1846,1850,1854,1858,1902,1906,1910,1914,1918,1923,1927,1931,1935,1940,1944,1948,1953,1957,2002,2007,2011,2016,2020,2025,2029,2033,2037,2041,2046,2050,2055,2059,2104,2109,2113,2119,2124,2129,2134,2139,2143,2148,2153,2157,2202,2206,2210,2215,2220,2226,2232,2237,2242,2246,2250,2255,2300,2304,2310,2317,2322,2327,2333,2339,2344,2350,2356,0001,0007,0012,0016,0025,0034,0041,0049,
目白,,0450,0508,0528,0541,0555,0605,0615,0624,0633,0640,0646,0654,0700,0706,0711,0716,0721,0725,0730,0735,0740,0746,0751,0756,0801,0806,0811,0816,0821,0826,0831,0836,0841,0846,0851,0856,0901,0906,0911,0916,0921,0926,0931,0936,0941,0946,0951,0956,1001,1006,1011,1016,1021,1026,1031,1036,1041,1046,1051,1056,1101,1106,1111,1116,1121,1126,1131,1136,1141,1146,1151,1156,1201,1206,1209,1213,1217,1222,1227,1231,1236,1240,1243,1247,1251,1255,1259,1303,1307,1311,1314,1318,1322,1326,1330,1334,1337,1341,1345,1349,1353,1357,1400,1404,1408,1412,1416,1419,1423,1427,1431,1435,1439,1442,1446,1450,1454,1458,1501,1505,1509,1513,1517,1520,1524,1528,1532,1536,1540,1543,1547,1551,1555,1559,1602,1606,1610,1614,1618,1621,1625,1629,1633,1637,1639,1643,1646,1650,1653,1657,1701,1704,1708,1711,1715,1719,1723,1726,1730,1734,1738,1741,1745,1749,1752,1756,1759,1802,1806,1810,1814,1817,1821,1824,1828,1832,1836,1840,1844,1848,1852,1856,1900,1903,1907,1912,1916,1920,1924,1928,1932,1937,1941,1945,1950,1954,1959,2003,2008,2013,2017,2022,2027,2031,2035,2039,2043,2048,2052,2057,2101,2106,2110,2115,2121,2126,2131,2136,2141,2145,2150,2155,2159,2204,2208,2212,2217,2222,2228,2234,2239,2244,2248,2252,2257,2302,2306,2312,2319,2324,2329,2335,2340,2346,2352,2358,0003,0009,0014,0018,0027,0036,0043,0051,
池袋,,0453,0511,0530,0543,0558,0608,0617,0627,0635,0642,0649,0656,0703,0708,0713,0719,0723,0728,0732,0738,0743,0748,0753,0758,0803,0808,0813,0818,0823,0828,0833,0838,0843,0848,0853,0858,0903,0908,0913,0918,0923,0928,0933,0938,0943,0948,0953,0958,1003,1008,1013,1018,1023,1028,1033,1038,1043,1048,1053,1058,1103,1108,1113,1118,1123,1128,1133,1138,1143,1148,1153,1158,1203,1208,1212,1216,1220,1225,1229,1234,1238,1242,1246,1249,1254,1258,1301,1305,1309,1313,1317,1321,1325,1329,1332,1336,1340,1344,1348,1351,1355,1359,1403,1407,1411,1414,1418,1422,1426,1430,1433,1437,1441,1445,1449,1452,1456,1500,1504,1508,1512,1515,1519,1523,1527,1531,1534,1538,1542,1546,1550,1553,1557,1601,1605,1609,1613,1616,1620,1624,1628,1632,1635,1639,1642,1646,1649,1653,1656,1700,1703,1707,1710,1714,1718,1721,1725,1729,1733,1736,1740,1744,1748,1751,1755,1759,1802,1804,1809,1813,1816,1820,1823,1827,1831,1835,1839,1843,1847,1851,1855,1859,1902,1906,1910,1914,1918,1922,1927,1931,1935,1939,1944,1948,1952,1957,2001,2006,2011,2016,2020,2025,2030,2034,2037,2041,2046,2050,2055,2059,2104,2108,2113,2118,2123,2128,2133,2138,2143,2148,2153,2157,2202,2206,2211,2215,2220,2225,2231,2236,2241,2246,2250,2254,2259,2304,2309,2314,2321,2326,2331,2337,2343,2349,2354,0001,0006,0012,0017,0021,0030,0039,0046,0054,
大塚,,0455,0514,0533,0546,0601,0610,0620,0629,0638,0645,0651,0659,0705,0711,0716,0721,0726,0731,0735,0740,0746,0751,0756,0801,0806,0811,0816,0821,0826,0831,0836,0841,0846,0851,0856,0901,0906,0911,0916,0921,0926,0931,0936,0941,0946,0951,0956,1001,1006,1011,1016,1021,1026,1031,1036,1041,1046,1051,1056,1101,1106,1111,1116,1121,1126,1131,1136,1141,1146,1151,1156,1201,1206,1211,1215,1218,1223,1228,1232,1237,1241,1245,1249,1252,1256,1300,1304,1308,1312,1316,1319,1323,1327,1331,1335,1339,1343,1346,1350,1354,1358,1402,1406,1409,1413,1417,1421,1425,1428,1432,1436,1440,1444,1447,1451,1455,1459,1503,1507,1510,1514,1518,1522,1526,1529,1533,1537,1541,1545,1549,1552,1556,1600,1604,1608,1611,1615,1619,1623,1627,1630,1634,1638,1642,1645,1648,1651,1655,1659,1702,1706,1709,1713,1717,1720,1724,1728,1731,1735,1739,1743,1747,1750,1754,1757,1801,1804,1807,1811,1815,1819,1822,1826,1830,1834,1838,1842,1846,1850,1854,1858,1902,1905,1909,1913,1917,1921,1925,1930,1934,1938,1942,1947,1951,1955,2000,2004,2009,2013,2018,2023,2027,2032,2036,2040,2044,2048,2053,2057,2102,2106,2111,2116,2120,2126,2131,2136,2141,2146,2150,2155,2200,2204,2209,2213,2217,2222,2227,2233,2239,2244,2249,2253,2257,2302,2307,2311,2317,2324,2329,2334,2340,2346,2351,2357,0003,0008,0015,0020,0023,＝,＝,＝,＝,
巣鴨,,0457,0516,0535,0548,0603,0612,0622,0631,0640,0647,0653,0701,0707,0713,0718,0723,0728,0733,0737,0742,0748,0753,0758,0803,0808,0813,0818,0823,0828,0833,0838,0843,0848,0853,0858,0903,0908,0913,0918,0923,0928,0933,0938,0943,0948,0953,0958,1003,1008,1013,1018,1023,1028,1033,1038,1043,1048,1053,1058,1103,1108,1113,1118,1123,1128,1133,1138,1143,1148,1153,1158,1203,1208,1213,1217,1220,1225,1230,1234,1239,1243,1247,1251,1254,1258,1302,1306,1310,1314,1318,1321,1325,1329,1333,1337,1341,1345,1348,1352,1356,1400,1404,1408,1411,1415,1419,1423,1427,1430,1434,1438,1442,1446,1449,1453,1457,1501,1505,1509,1512,1516,1520,1524,1528,1531,1535,1539,1543,1547,1551,1554,1558,1602,1606,1610,1613,1617,1621,1625,1629,1632,1636,1640,1644,1647,1650,1653,1657,1701,1704,1708,1711,1715,1719,1722,1726,1730,1733,1737,1741,1745,1749,1752,1756,1759,1803,1806,1809,1813,1817,1821,1824,1828,1832,1836,1840,1844,1848,1852,1856,1900,1904,1907,1911,1915,1919,1923,1927,1932,1936,1940,1944,1949,1953,1957,2002,2006,2011,2015,2020,2025,2029,2034,2038,2042,2046,2050,2055,2059,2104,2108,2113,2118,2122,2128,2133,2138,2143,2148,2152,2157,2202,2206,2211,2215,2219,2224,2229,2235,2241,2246,2251,2255,2259,2304,2309,2313,2319,2326,2331,2336,2342,2348,2353,2359,0005,0010,0017,0022,0025,,,,,
駒込,,0459,0517,0537,0550,0604,0614,0624,0633,0642,0649,0655,0703,0709,0715,0720,0725,0730,0734,0739,0744,0749,0755,0800,0805,0810,0815,0820,0825,0830,0835,0840,0845,0850,0855,0900,0905,0910,0915,0920,0925,0930,0935,0940,0945,0950,0955,1000,1005,1010,1015,1020,1025,1030,1035,1040,1045,1050,1055,1100,1105,1110,1115,1120,1125,1130,1135,1140,1145,1150,1155,1200,1205,1210,1215,1218,1222,1226,1231,1236,1240,1245,1249,1252,1256,1300,1304,1308,1312,1316,1320,1323,1327,1331,1335,1339,1343,1346,1350,1354,1358,1402,1406,1409,1413,1417,1421,1425,1428,1432,1436,1440,1444,1448,1451,1455,1459,1503,1507,1510,1514,1518,1522,1526,1529,1533,1537,1541,1545,1549,1552,1556,1600,1604,1608,1611,1615,1619,1623,1627,1630,1634,1638,1642,1646,1649,1652,1655,1659,1702,1706,1710,1713,1717,1720,1724,1728,1732,1735,1739,1743,1747,1750,1754,1758,1801,1805,1808,1811,1815,1819,1823,1826,1830,1833,1837,1841,1845,1849,1853,1857,1901,1905,1909,1912,1916,1921,1925,1929,1933,1937,1941,1946,1950,1954,1959,2003,2008,2012,2017,2022,2026,2031,2036,2040,2044,2048,2052,2057,2101,2106,2110,2115,2119,2124,2130,2135,2140,2145,2150,2154,2159,2204,2208,2213,2217,2221,2226,2231,2237,2243,2248,2253,2257,2301,2306,2311,2315,2321,2328,2333,2338,2344,2349,2355,0001,0007,0012,0018,0023,0027,,,,,
田端,,0502,0520,0539,0552,0607,0617,0626,0636,0644,0651,0658,0705,0712,0717,0722,0728,0732,0737,0741,0747,0752,0757,0802,0807,0812,0817,0822,0827,0832,0837,0842,0847,0852,0857,0902,0907,0912,0917,0922,0927,0932,0937,0942,0947,0952,0957,1002,1007,1012,1017,1022,1027,1032,1037,1042,1047,1052,1057,1102,1107,1112,1117,1122,1127,1132,1137,1142,1147,1152,1157,1202,1207,1212,1217,1221,1225,1229,1234,1238,1243,1247,1251,1255,1258,1303,1307,1310,1314,1318,1322,1326,1330,1334,1338,1341,1345,1349,1353,1357,1400,1404,1408,1412,1416,1420,1423,1427,1431,1435,1439,1442,1446,1450,1454,1458,1501,1505,1509,1513,1517,1521,1524,1528,1532,1536,1540,1543,1547,1551,1555,1559,1602,1606,1610,1614,1618,1622,1625,1629,1633,1637,1641,1644,1648,1651,1655,1658,1702,1705,1709,1712,1716,1719,1723,1727,1730,1734,1738,1742,1745,1749,1753,1757,1800,1804,1808,1811,1813,1818,1822,1825,1829,1832,1836,1840,1844,1848,1852,1856,1900,1904,1908,1911,1915,1919,1923,1927,1931,1936,1940,1944,1948,1953,1957,2001,2006,2010,2015,2020,2025,2029,2034,2039,2043,2046,2050,2055,2059,2104,2108,2113,2117,2122,2127,2132,2137,2142,2147,2152,2157,2202,2206,2211,2215,2220,2224,2229,2234,2240,2245,2250,2255,2259,2303,2308,2313,2318,2323,2330,2335,2340,2346,2352,2358,0003,0010,0015,0021,0026,0030,,,,,
西日暮里,,0503,0522,0541,0554,0609,0618,0628,0637,0646,0653,0659,0707,0713,0719,0724,0729,0734,0739,0743,0748,0754,0759,0804,0809,0814,0819,0824,0829,0834,0839,0844,0849,0854,0859,0904,0909,0914,0919,0924,0929,0934,0939,0944,0949,0954,0959,1004,1009,1014,1019,1024,1029,1034,1039,1044,1049,1054,1059,1104,1109,1114,1119,1124,1129,1134,1139,1144,1149,1154,1159,1204,1209,1214,1219,1223,1226,1231,1236,1240,1245,1249,1253,1257,1300,1304,1308,1312,1316,1320,1324,1327,1331,1335,1339,1343,1347,1351,1354,1358,1402,1406,1410,1414,1417,1421,1425,1429,1433,1436,1440,1444,1448,1452,1455,1459,1503,1507,1511,1515,1518,1522,1526,1530,1534,1537,1541,1545,1549,1553,1557,1600,1604,1608,1612,1616,1619,1623,1627,1631,1635,1638,1642,1646,1650,1653,1656,1659,1703,1707,1710,1714,1717,1721,1725,1728,1732,1736,1739,1743,1747,1751,1755,1758,1802,1805,1809,1812,1815,1819,1823,1827,1830,1834,1838,1842,1846,1850,1854,1858,1902,1906,1910,1913,1917,1921,1925,1929,1933,1938,1942,1946,1950,1955,1959,2003,2008,2012,2017,2021,2026,2031,2035,2040,2044,2048,2052,2056,2101,2105,2110,2114,2119,2124,2128,2134,2139,2144,2149,2154,2158,2203,2208,2212,2217,2221,2225,2230,2235,2241,2247,2252,2257,2301,2305,2310,2315,2319,2325,2332,2337,2342,2348,2354,2359,0005,0011,0016,0023,0028,0031,,,,,
日暮里,,0505,0523,0543,0556,0610,0620,0629,0639,0648,0655,0701,0709,0715,0720,0725,0731,0736,0740,0745,0750,0755,0801,0806,0811,0816,0821,0826,0831,0836,0841,0846,0851,0856,0901,0906,0911,0916,0921,0926,0931,0936,0941,0946,0951,0956,1001,1006,1011,1016,1021,1026,1031,1036,1041,1046,1051,1056,1101,1106,1111,1116,1121,1126,1131,1136,1141,1146,1151,1156,1201,1206,1211,1216,1221,1224,1228,1232,1237,1242,1246,1251,1255,1258,1302,1306,1310,1314,1318,1321,1325,1329,1333,1337,1341,1345,1349,1352,1356,1400,1404,1408,1411,1415,1419,1423,1427,1430,1434,1438,1442,1446,1450,1453,1457,1501,1505,1509,1512,1516,1520,1524,1528,1531,1535,1539,1543,1547,1551,1554,1558,1602,1606,1610,1613,1617,1621,1625,1629,1633,1636,1640,1644,1648,1651,1655,1658,1701,1705,1708,1712,1716,1719,1723,1726,1730,1734,1737,1741,1745,1749,1753,1756,1800,1803,1807,1811,1814,1817,1821,1825,1829,1832,1836,1839,1843,1847,1851,1855,1859,1903,1907,1911,1915,1918,1922,1927,1931,1935,1939,1943,1947,1952,1956,2000,2005,2009,2014,2018,2023,2028,2032,2037,2042,2046,2049,2053,2058,2102,2107,2112,2116,2120,2125,2130,2135,2140,2145,2150,2155,2200,2205,2209,2214,2218,2223,2227,2232,2237,2243,2248,2253,2258,2302,2306,2311,2316,2321,2326,2333,2339,2343,2349,2355,0001,0006,0013,0018,0024,0029,0033,,,,,
鶯谷,,0507,0525,0545,0557,0612,0622,0631,0641,0649,0657,0703,0711,0717,0722,0727,0733,0737,0742,0746,0752,0757,0803,0808,0813,0818,0823,0828,0833,0838,0843,0848,0853,0858,0903,0908,0913,0918,0923,0928,0933,0938,0943,0948,0953,0958,1003,1008,1013,1018,1023,1028,1033,1038,1043,1048,1053,1058,1103,1108,1113,1118,1123,1128,1133,1138,1143,1148,1153,1158,1203,1208,1213,1218,1222,1226,1230,1234,1239,1244,1248,1252,1256,1300,1304,1308,1312,1316,1319,1323,1327,1331,1335,1339,1343,1347,1350,1354,1358,1402,1406,1409,1413,1417,1421,1425,1428,1432,1436,1440,1444,1448,1451,1455,1459,1503,1507,1510,1514,1518,1522,1526,1530,1533,1537,1541,1545,1549,1552,1556,1600,1604,1608,1611,1615,1619,1623,1627,1631,1634,1638,1642,1646,1650,1653,1657,1700,1703,1707,1710,1714,1717,1721,1725,1728,1732,1735,1739,1743,1747,1751,1754,1758,1802,1805,1809,1813,1816,1819,1823,1827,1831,1834,1838,1841,1845,1849,1853,1857,1901,1905,1909,1913,1917,1920,1924,1929,1933,1937,1941,1945,1949,1954,1958,2002,2007,2011,2016,2020,2025,2030,2034,2039,2044,2048,2051,2055,2100,2104,2109,2113,2118,2122,2127,2132,2137,2142,2147,2152,2157,2202,2207,2211,2216,2220,2225,2229,2234,2239,2245,2250,2255,2300,2304,2308,2313,2318,2323,2328,2335,2340,2345,2351,2357,0003,0008,0015,0020,0026,0031,0035,,,,,
上野,,0510,0527,0547,0600,0614,0624,0634,0644,0652,0659,0705,0713,0719,0725,0730,0735,0740,0744,0749,0754,0759,0805,0810,0815,0820,0825,0830,0835,0840,0845,0850,0855,0900,0905,0910,0915,0920,0925,0930,0935,0940,0945,0950,0955,1000,1005,1010,1015,1020,1025,1030,1035,1040,1045,1050,1055,1100,1105,1110,1115,1120,1125,1130,1135,1140,1145,1150,1155,1200,1205,1210,1215,1220,1225,1228,1232,1236,1241,1246,1250,1255,1259,1302,1306,1310,1314,1318,1322,1326,1330,1333,1337,1341,1345,1349,1353,1356,1400,1404,1408,1412,1416,1419,1423,1427,1431,1435,1438,1442,1446,1450,1454,1458,1501,1505,1509,1513,1517,1520,1524,1528,1532,1536,1539,1543,1547,1551,1555,1559,1603,1606,1610,1614,1618,1621,1625,1629,1633,1637,1640,1644,1648,1652,1656,1659,1702,1705,1709,1712,1716,1720,1723,1727,1730,1734,1738,1742,1745,1749,1753,1757,1800,1804,1808,1811,1815,1818,1821,1825,1829,1833,1837,1840,1844,1848,1852,1855,1859,1903,1907,1911,1916,1919,1922,1926,1931,1935,1939,1943,1947,1951,1956,2000,2004,2009,2013,2018,2022,2028,2032,2037,2042,2047,2051,2054,2058,2102,2107,2111,2116,2120,2125,2129,2134,2140,2145,2150,2155,2200,2204,2209,2214,2218,2223,2227,2231,2236,2241,2247,2253,2258,2303,2307,2311,2316,2321,2325,2331,2338,2343,2348,2354,2359,0005,0011,0017,0022,0028,0033,0039,,,,,
御徒町,,0511,0529,0548,0601,0616,0626,0636,0645,0654,0700,0707,0714,0721,0726,0732,0737,0741,0746,0751,0756,0801,0806,0811,0816,0821,0826,0831,0836,0841,0846,0851,0856,0901,0906,0911,0916,0921,0926,0931,0936,0941,0946,0951,0956,1001,1006,1011,1016,1021,1026,1031,1036,1041,1046,1051,1056,1101,1106,1111,1116,1121,1126,1131,1136,1141,1146,1151,1157,1202,1206,1211,1216,1221,1226,1230,1234,1238,1243,1247,1252,1256,1300,1304,1307,1312,1316,1319,1323,1327,1331,1335,1339,1343,1347,1350,1354,1358,1402,1406,1409,1413,1417,1421,1425,1429,1432,1436,1440,1444,1448,1451,1455,1459,1503,1507,1510,1514,1518,1522,1526,1530,1533,1537,1541,1545,1549,1553,1557,1601,1604,1608,1611,1615,1619,1623,1627,1631,1634,1638,1642,1646,1650,1653,1657,1700,1704,1707,1711,1714,1718,1721,1725,1728,1732,1736,1739,1743,1747,1751,1754,1758,1802,1806,1809,1813,1817,1820,1822,1827,1831,1834,1838,1842,1846,1850,1854,1857,1901,1905,1909,1913,1917,1921,1924,1928,1932,1936,1940,1945,1949,1953,1957,2002,2006,2010,2015,2019,2024,2029,2034,2038,2043,2048,2052,2055,2059,2104,2108,2113,2117,2122,2126,2131,2136,2142,2147,2152,2157,2201,2206,2211,2215,2220,2224,2229,2233,2238,2243,2249,2254,2259,2304,2308,2312,2317,2322,2327,2332,2339,2344,2349,2355,0001,0007,0012,0019,0024,0030,0035,0040,,,,,
秋葉原,,0513,0531,0550,0603,0618,0628,0638,0647,0656,0702,0709,0716,0723,0728,0734,0739,0743,0748,0753,0758,0803,0808,0813,0818,0823,0828,0833,0838,0843,0848,0853,0858,0903,0908,0913,0918,0923,0928,0933,0938,0943,0948,0953,0958,1003,1008,1013,1018,1023,1028,1033,1038,1043,1048,1053,1058,1103,1108,1113,1118,1123,1128,1133,1138,1143,1148,1153,1159,1204,1208,1213,1218,1223,1228,1232,1236,1240,1245,1249,1254,1258,1302,1306,1309,1314,1318,1321,1325,1329,1333,1337,1341,1345,1349,1352,1356,1400,1404,1408,1411,1415,1419,1423,1427,1431,1434,1438,1442,1446,1450,1453,1457,1501,1505,1509,1512,1516,1520,1524,1528,1532,1535,1539,1543,1547,1551,1555,1559,1603,1606,1610,1613,1617,1621,1625,1629,1633,1636,1640,1644,1648,1652,1655,1659,1702,1706,1709,1713,1716,1720,1723,1727,1730,1734,1738,1741,1745,1749,1753,1756,1800,1804,1808,1811,1815,1819,1822,1824,1829,1833,1836,1840,1844,1848,1852,1856,1859,1903,1907,1911,1915,1919,1923,1926,1930,1934,1938,1942,1947,1951,1955,1959,2004,2008,2012,2017,2021,2026,2031,2036,2040,2045,2050,2054,2057,2101,2106,2110,2115,2119,2124,2128,2133,2138,2144,2149,2154,2159,2203,2208,2213,2217,2222,2226,2231,2235,2240,2245,2251,2256,2301,2306,2310,2314,2319,2324,2329,2334,2341,2346,2351,2357,0003,0009,0014,0021,0026,0032,0037,0042,,,,,
神田,,0515,0533,0552,0605,0620,0630,0639,0649,0658,0704,0710,0718,0725,0730,0735,0740,0745,0750,0755,0759,0805,0810,0815,0820,0825,0830,0835,0840,0845,0850,0855,0900,0905,0910,0915,0920,0925,0930,0935,0940,0945,0950,0955,1000,1005,1010,1015,1020,1025,1030,1035,1040,1045,1050,1055,1100,1105,1110,1115,1120,1125,1130,1135,1140,1145,1150,1155,1201,1206,1210,1215,1220,1225,1230,1234,1238,1242,1247,1251,1256,1300,1304,1308,1311,1316,1319,1323,1327,1331,1335,1339,1343,1347,1350,1354,1358,1402,1406,1409,1413,1417,1421,1425,1429,1432,1436,1440,1444,1448,1451,1455,1459,1503,1507,1510,1514,1518,1522,1526,1530,1533,1537,1541,1545,1549,1552,1557,1601,1604,1608,1611,1615,1619,1623,1627,1631,1634,1638,1642,1646,1650,1653,1657,1701,1704,1708,1711,1714,1718,1721,1725,1729,1732,1736,1739,1743,1747,1751,1754,1758,1802,1806,1810,1813,1816,1821,1824,1826,1830,1834,1838,1842,1846,1850,1854,1858,1901,1905,1909,1913,1917,1921,1925,1928,1932,1936,1940,1944,1949,1953,1957,2001,2006,2010,2014,2019,2023,2028,2033,2037,2042,2047,2052,2056,2059,2103,2107,2112,2116,2121,2126,2130,2135,2140,2145,2150,2155,2200,2205,2209,2214,2219,2223,2228,2232,2236,2242,2246,2252,2258,2303,2308,2312,2316,2321,2326,2330,2336,2343,2348,2353,2359,0005,0010,0016,0022,0027,0034,0039,0044,,,,,
東京,,0517,0535,0555,0607,0622,0632,0642,0651,0700,0707,0713,0721,0727,0732,0738,0743,0747,0752,0757,0802,0807,0813,0818,0823,0828,0833,0838,0843,0848,0853,0858,0903,0908,0913,0918,0923,0928,0933,0938,0943,0948,0953,0958,1003,1008,1013,1018,1023,1028,1033,1038,1043,1048,1053,1058,1103,1108,1113,1118,1123,1128,1133,1138,1143,1148,1153,1158,1203,1208,1213,1218,1223,1228,1232,1236,1240,1244,1249,1254,1258,1302,1306,1310,1314,1318,1322,1326,1329,1333,1337,1341,1345,1349,1353,1357,1400,1404,1408,1412,1416,1419,1423,1427,1431,1435,1438,1442,1446,1450,1454,1458,1501,1505,1509,1513,1517,1520,1524,1528,1532,1536,1540,1543,1547,1551,1555,1559,1603,1607,1611,1614,1618,1621,1625,1629,1633,1637,1641,1644,1648,1652,1656,1700,1703,1707,1710,1713,1717,1720,1724,1727,1731,1735,1738,1742,1745,1749,1753,1757,1801,1804,1808,1812,1815,1819,1823,1826,1829,1833,1837,1841,1844,1848,1852,1856,1900,1903,1907,1911,1915,1919,1924,1927,1930,1934,1939,1943,1947,1951,1955,1959,2004,2008,2012,2017,2021,2026,2030,2035,2040,2045,2049,2054,2058,2101,2105,2110,2114,2119,2123,2128,2132,2137,2142,2148,2153,2158,2203,2207,2212,2217,2221,2226,2231,2235,2239,2244,2249,2255,2300,2305,2311,2314,2318,2323,2328,2333,2338,2346,2350,2355,0001,0007,0013,0018,0025,0030,0036,0041,0046,,,,,
有楽町,,0519,0537,0556,0609,0624,0634,0643,0653,0702,0708,0714,0722,0729,0734,0739,0744,0749,0754,0759,0803,0809,0814,0819,0824,0829,0834,0839,0844,0849,0854,0859,0904,0909,0914,0919,0924,0929,0934,0939,0944,0949,0954,0959,1004,1009,1014,1019,1024,1029,1034,1039,1044,1049,1054,1059,1104,1109,1114,1119,1124,1129,1134,1139,1144,1149,1154,1159,1205,1210,1214,1219,1224,1229,1234,1238,1242,1246,1251,1255,1300,1304,1308,1312,1315,1320,1323,1327,1331,1335,1339,1343,1347,1351,1354,1358,1402,1406,1410,1413,1417,1421,1425,1429,1433,1436,1440,1444,1448,1452,1455,1459,1503,1507,1511,1514,1518,1522,1526,1530,1534,1537,1541,1545,1549,1553,1556,1601,1605,1608,1612,1615,1619,1623,1627,1631,1635,1638,1642,1646,1650,1654,1657,1701,1705,1708,1712,1715,1718,1722,1725,1729,1733,1736,1740,1743,1747,1751,1755,1758,1802,1806,1810,1814,1817,1820,1825,1828,1830,1834,1838,1842,1846,1850,1854,1858,1902,1905,1909,1913,1917,1921,1925,1929,1932,1936,1940,1944,1948,1953,1957,2001,2005,2010,2014,2018,2023,2027,2032,2037,2041,2046,2051,2056,2100,2103,2107,2111,2116,2120,2125,2130,2134,2139,2144,2149,2154,2159,2204,2209,2213,2218,2223,2227,2232,2236,2240,2246,2250,2256,2302,2307,2312,2316,2320,2325,2330,2334,2340,2347,2352,2357,0003,0009,0014,0020,0026,0031,0038,0043,0048,,,,,
新橋,,0521,0539,0558,0611,0626,0636,0646,0655,0704,0710,0717,0724,0731,0736,0742,0747,0751,0756,0801,0806,0811,0816,0821,0826,0831,0836,0841,0846,0851,0856,0901,0906,0911,0916,0921,0926,0931,0936,0941,0946,0951,0956,1001,1006,1011,1016,1021,1026,1031,1036,1041,1046,1051,1056,1101,1106,1111,1116,1121,1126,1131,1136,1141,1146,1151,1156,1201,1207,1212,1216,1221,1226,1231,1236,1240,1244,1248,1253,1257,1302,1306,1310,1314,1317,1322,1326,1329,1333,1337,1341,1345,1349,1353,1357,1400,1404,1408,1412,1416,1419,1423,1427,1431,1435,1439,1442,1446,1450,1454,1458,1501,1505,1509,1513,1517,1520,1524,1528,1532,1536,1540,1543,1547,1551,1555,1559,1603,1607,1611,1614,1618,1621,1625,1629,1633,1637,1641,1644,1648,1652,1656,1700,1703,1707,1710,1714,1717,1721,1724,1728,1731,1735,1738,1742,1746,1749,1753,1757,1801,1804,1808,1812,1816,1819,1823,1827,1830,1832,1837,1841,1844,1848,1852,1856,1900,1904,1907,1911,1915,1919,1923,1927,1931,1934,1938,1942,1946,1950,1955,1959,2003,2007,2012,2016,2020,2025,2029,2034,2039,2044,2048,2053,2058,2102,2105,2109,2114,2118,2123,2127,2132,2136,2141,2146,2152,2157,2202,2207,2211,2216,2221,2225,2230,2235,2239,2243,2248,2253,2259,2304,2309,2315,2318,2322,2327,2332,2337,2342,2350,2354,2359,0005,0011,0017,0022,0029,0034,0040,0045,0050,,,,,
浜松町,,0523,0541,0601,0614,0628,0638,0648,0657,0706,0713,0719,0727,0733,0738,0744,0749,0754,0758,0803,0808,0813,0819,0824,0829,0834,0839,0844,0849,0854,0859,0904,0909,0914,0919,0924,0929,0934,0939,0944,0949,0954,0959,1004,1009,1014,1019,1024,1029,1034,1039,1044,1049,1054,1059,1104,1109,1114,1119,1124,1129,1134,1139,1144,1149,1154,1159,1204,1209,1214,1219,1224,1229,1234,1239,1242,1246,1250,1255,1300,1304,1309,1313,1316,1320,1324,1328,1332,1336,1339,1343,1347,1351,1355,1359,1403,1407,1410,1414,1418,1422,1426,1429,1433,1437,1441,1445,1448,1452,1456,1500,1504,1508,1511,1515,1519,1523,1527,1530,1534,1538,1542,1546,1549,1553,1557,1601,1605,1609,1613,1617,1620,1624,1628,1631,1635,1639,1643,1647,1651,1654,1658,1702,1706,1709,1713,1716,1719,1723,1726,1730,1734,1737,1741,1744,1748,1752,1755,1759,1803,1807,1811,1814,1818,1821,1825,1829,1832,1835,1839,1843,1847,1851,1854,1858,1902,1906,1909,1913,1917,1921,1925,1930,1933,1936,1940,1945,1949,1953,1957,2001,2005,2010,2014,2018,2023,2027,2032,2036,2042,2046,2051,2056,2101,2104,2107,2111,2116,2120,2125,2130,2134,2138,2143,2148,2154,2159,2204,2209,2213,2218,2223,2227,2232,2237,2241,2245,2250,2255,2301,2306,2311,2317,2320,2324,2329,2334,2339,2344,2352,2357,0001,0007,0013,0019,0024,0031,0036,0042,0047,0052,,,,,
田町,0511,0526,0544,0603,0616,0631,0640,0650,0700,0708,0715,0721,0729,0735,0741,0746,0751,0756,0801,0805,0810,0816,0821,0826,0831,0836,0841,0846,0851,0856,0901,0906,0911,0916,0921,0926,0931,0936,0941,0946,0951,0956,1001,1006,1011,1016,1021,1026,1031,1036,1041,1046,1051,1056,1101,1106,1111,1116,1121,1126,1131,1136,1141,1146,1151,1156,1201,1206,1212,1217,1221,1226,1231,1236,1241,1245,1248,1253,1258,1302,1307,1311,1315,1319,1322,1326,1330,1334,1338,1342,1346,1349,1353,1357,1401,1405,1409,1413,1416,1420,1424,1428,1432,1436,1439,1443,1447,1451,1455,1458,1502,1506,1510,1514,1517,1521,1525,1529,1533,1537,1540,1544,1548,1552,1556,1559,1603,1608,1611,1615,1619,1622,1626,1630,1634,1638,1641,1645,1649,1653,1657,1700,1704,1708,1712,1715,1718,1721,1725,1729,1732,1736,1739,1743,1747,1750,1754,1758,1801,1805,1809,1813,1817,1820,1824,1827,1831,1834,1837,1841,1845,1849,1853,1857,1901,1905,1909,1912,1916,1920,1924,1928,1933,1936,1939,1943,1947,1951,1955,2000,2004,2008,2012,2017,2021,2025,2030,2034,2039,2044,2049,2054,2058,2104,2107,2110,2114,2118,2123,2127,2132,2137,2141,2146,2151,2156,2201,2206,2211,2216,2220,2225,2230,2235,2240,2243,2247,2253,2257,2303,2309,2314,2320,2323,2327,2332,2337,2341,2347,2355,2359,0004,0010,0016,0021,0027,0033,0038,0045,0050,0055,,,,,
高輪ゲートウェイ,0513,0528,0546,0605,0618,0633,0643,0652,0702,0711,0717,0723,0731,0738,0743,0748,0753,0758,0803,0808,0812,0818,0823,0828,0833,0838,0843,0848,0853,0858,0903,0908,0913,0918,0923,0928,0933,0938,0943,0948,0953,0958,1003,1008,1013,1018,1023,1028,1033,1038,1043,1048,1053,1058,1103,1108,1113,1118,1123,1128,1133,1138,1143,1148,1153,1158,1203,1208,1214,1219,1223,1228,1233,1238,1243,1247,1251,1255,1300,1304,1309,1313,1317,1321,1324,1329,1332,1336,1340,1344,1348,1352,1356,1400,1403,1407,1411,1415,1419,1422,1426,1430,1434,1438,1442,1445,1449,1453,1457,1501,1504,1508,1512,1516,1520,1523,1527,1531,1535,1539,1543,1546,1550,1554,1558,1602,1605,1610,1614,1617,1621,1624,1628,1632,1636,1640,1644,1647,1651,1655,1659,1703,1706,1710,1714,1717,1721,1724,1727,1731,1734,1738,1742,1745,1749,1752,1756,1800,1804,1807,1811,1815,1819,1823,1826,1829,1834,1837,1839,1843,1847,1851,1855,1859,1903,1907,1911,1914,1918,1922,1926,1930,1935,1938,1941,1945,1949,1953,1957,2002,2006,2010,2014,2019,2023,2027,2032,2036,2041,2046,2051,2056,2101,2106,2110,2112,2116,2121,2125,2130,2134,2139,2143,2148,2153,2159,2204,2209,2214,2218,2223,2228,2232,2237,2242,2246,2250,2255,2300,2306,2311,2316,2322,2325,2329,2334,2339,2344,2349,2357,0001,0006,0012,0018,0024,0029,0036,0041,0047,0052,0057,,,,,
品川,0515,0530,0548,0607,0620,0635,0645,0655,0704,0713,0719,0726,0733,0740,0745,0751,0756,0800,0805,0810,0815,0820,0825,0830,0835,0840,0845,0850,0855,0900,0905,0910,0915,0920,0925,0930,0935,0940,0945,0950,0955,1000,1005,1010,1015,1020,1025,1030,1035,1040,1045,1050,1055,1100,1105,1110,1115,1120,1125,1130,1135,1140,1145,1150,1155,1200,1205,1210,1216,1221,1225,1230,1235,1240,1245,1249,1253,1257,1302,1306,1311,1315,1319,1323,1326,1331,1335,1338,1342,1346,1350,1354,1358,1402,1406,1409,1413,1417,1421,1425,1428,1432,1436,1440,1444,1448,1451,1455,1459,1503,1507,1510,1514,1518,1522,1526,1529,1533,1537,1541,1545,1549,1552,1556,1600,1604,1608,1612,1616,1620,1623,1627,1630,1634,1638,1642,1646,1650,1653,1657,1701,1705,1709,1712,1716,1719,1723,1726,1730,1733,1737,1740,1744,1747,1751,1755,1758,1802,1806,1810,1813,1817,1821,1825,1828,1832,1836,1839,1841,1846,1850,1853,1857,1901,1905,1909,1913,1916,1920,1924,1928,1932,1937,1940,1943,1947,1951,1955,1959,2004,2008,2012,2016,2021,2025,2029,2034,2038,2043,2048,2053,2058,2103,2108,2112,2114,2118,2123,2127,2132,2136,2141,2145,2150,2155,2201,2206,2211,2216,2220,2225,2230,2234,2239,2244,2248,2252,2257,2302,2308,2313,2318,2324,2327,2331,2336,2341,2346,2351,2359,0003,0008,0014,0020,0026,0031,0038,0043,0049,0054,0059,,,,,
大崎,0518,0532,0550,0610,0623,0637,0647,0657,0706,0715,0722,0728,0736,0742,0747,0753,0758,0803,0807,0812,0817,0822,0828,0833,0838,0843,0848,0853,0858,0903,0908,0913,0918,0923,0928,0933,0938,0943,0948,0953,0958,1003,1008,1013,1018,1023,1028,1033,1038,1043,1048,1053,1058,1103,1108,1113,1118,1123,1128,1133,1138,1143,1148,1153,1158,1203,1208,1213,1218,1223,1228,1233,1238,1243,1248,1251,1255,1259,1304,1309,1313,1318,1322,1325,1329,1333,1337,1341,1345,1348,1352,1356,1400,1404,1408,1412,1416,1419,1423,1427,1431,1435,1438,1442,1446,1450,1454,1457,1501,1505,1509,1513,1517,1520,1524,1528,1532,1536,1539,1543,1547,1551,1555,1558,1602,1606,1610,1614,1618,1622,1626,1629,1633,1637,1640,1644,1648,1652,1656,1700,1703,1707,1711,1715,1718,1722,1725,1728,1732,1735,1739,1743,1746,1750,1753,1757,1801,1804,1808,1812,1816,1820,1823,1827,1830,1834,1838,1842,1844,1848,1852,1856,1900,1903,1908,1912,1916,1920,1922,1927,1931,1935,1939,1943,1945,1949,1954,1958,2002,2006,2010,2014,2019,2023,2027,2032,2036,2041,2045,2051,2055,2100,2105,2110,2114,2117,2121,2125,2130,2134,2139,2143,2148,2153,2157,2203,2208,2213,2218,2223,2227,2232,2237,2242,2247,2251,2254,2259,2304,2310,2316,2321,2327,2330,2334,2339,2344,2348,2354,0002,0007,0011,0017,0023,0028,0034,0040,0046,＝,＝,＝,,,,,
